UUID,Video Path,Image Path,Location Description,Coordinates,Confidence Score,Timestamp
4bbc213b-bc1d-4b5d-a64a-f97cd1de6e6f,static/uploads\3f508121-1da8-48d8-aa80-8516ea81eebc_name.mp4,static/uploads\04f5a136-ca74-477d-9732-a8fad24bad88_view.jpg,"Okay, I've analyzed the drone image and the satellite image you provided. Here's my assessment:

**1. Potential Location:**

Based on the visual characteristics of the drone image, specifically the large white building with prominent columns and a somewhat symmetrical design, combined with the surrounding trees and greenery, the most likely location within the satellite image is the **Global Academy of Technology**.

**2. Matching Landmarks/Terrain/Structures:**

*   **Building Shape and Structure:** The large white building in the drone image closely matches the shape and architectural style of the main building within the Global Academy of Technology complex. The columns are a distinct feature that aligns with the building visible in the satellite view.
*   **Surrounding Greenery:** The drone image shows a significant amount of trees and lawns surrounding the building. This is consistent with the layout and landscaping around the Global Academy of Technology as seen in the satellite image.
*   **Overall Complex Layout:** The general arrangement of the building within the campus, including adjacent open areas, resembles the configuration observed in the satellite image.

**3. Approximate Coordinates (X,Y percentage):**

Based on my analysis, the drone video was most likely taken from a position near the front entrance of the main building at Global Academy of Technology, slightly to the south east. I estimate these coordinates to be:

**X: 55%**
**Y: 58%**

**4. Confidence Score:**

I would assign a **confidence score of 8/10** for this location match. The architectural style and features of the building, combined with the surrounding greenery, strongly suggest a match with Global Academy of Technology. However, without higher resolution imagery or additional viewpoints, there's a small possibility of misidentification.

**5. Specific Point Description:**

The drone video was likely taken from a position close to ground level, just in front of the main entrance to the Global Academy of Technology building. The drone would have been looking towards the building, capturing its facade and the landscape in front of the building. This perspective aligns with the angle and features visible in the drone frame.","50.0,50.0",5,2025-05-11 08:25:05
cbed7e1d-bbe5-4d47-a148-58b7d2450038,static/uploads\b5d075be-d59f-486c-978f-8fbf598ee463_global_video_1.mp4,static/uploads\acd13641-2288-48b5-aa25-88e08de41cd2_WhatsApp_Image_2025-05-11_at_06.23.28_2ddbbe18.jpg,"Okay, I've analyzed the images you provided. Here's my assessment:

**1. Potential Location:**

Based on the architectural style of the building in the drone frame (white columns, domes, overall design) and comparing it with the structures visible in the satellite image, a plausible location is the **Global Academy of Technology** in Bangalore, India.

**2. Matching Landmarks, Terrain Patterns, or Structures:**

*   **Building Architecture:** The main building in the drone shot strongly resembles the main building complex of the Global Academy of Technology as seen in the satellite image. Specifically, the white color scheme, the prominent columns, and the presence of dome-like structures are consistent.
*   **Surrounding Greenery:** The drone shot shows a large lawn area with trees and landscaping around the building. This is also evident in the satellite view surrounding the Global Academy of Technology campus.
*   **Layout:** The orientation of the building relative to the apparent driveway and landscaping in the drone image seems to align with the layout of the main building and surrounding areas in the satellite image.

**3. Coordinates (Approximate):**

Given the angle of the drone shot and the perspective within the satellite image, the drone video was likely taken in the lawn directly in front of the central administration building of the Global Academy of Technology. I estimate these coordinates (in % of the image):

**X: 56%, Y: 61%**

**4. Confidence Score:**

I'd give this location match a confidence score of **8/10**. The architectural similarity is strong, and the surrounding landscaping is consistent. However, without higher-resolution imagery of the specific area, it's hard to confirm smaller details.

**5. Description of Drone Location:**

The drone was likely positioned on the lawn directly in front of the main building of the Global Academy of Technology, slightly offset from the building's center axis. The view encompasses the main building facade, the lawn area, and some of the surrounding landscape. The drone would have been at a relatively low altitude, offering a full view of the main structure.","50,50",5,2025-05-11 08:54:46
ebbb8ecf-ae31-4b1c-ac91-1461e4c3d122,static/uploads\33219b04-3560-4cc3-b8f1-7e0a93c71032_global_video_1.mp4,static/uploads\a740d7ab-2282-4205-8cc5-1f258795be0c_global_image.jpg,"Okay, I've analyzed the drone image and the satellite image. Here's my assessment:

**Analysis:**

1.  **Potential Location:** Based on the architectural style of the building (large white building with prominent columns and a central tower), and nearby terrain features, the drone video appears to have been taken at or near the **Global Academy of Technology**, as labeled in the satellite image.

2.  **Matching Landmarks/Terrain Patterns/Structures:**
    *   The distinctive ""white palace"" building itself in the drone image corresponds to a building within the Global Academy of Technology complex.
    *   Vegetation, lawn, and parking areas around the building in the drone image are consistent with the areas surrounding the building in the satellite image.

3.  **Approximate Coordinates:** (The point in the image where I estimate that the drone was located)

    *   x: 36%
    *   y: 50%

4.  **Confidence Score:** 9/10. I am highly confident because the distinctive architecture is a strong match. I assume that the building is in the direction of the building when viewed from the provided coordinates.

5.  **Description of Drone Video Location:**
    The drone video was likely taken from a position to the **southwest of the Global Academy of Technology building**. The drone appears to be hovering in a green area that likely contains decorative plants between the building and the access road. This is based on the view of the building and the surrounding landscape visible in the drone frame.

**Important Considerations:**

*   **Image Resolution:** The resolution of the satellite image impacts the precision of the location estimate. A higher-resolution image would allow for a more accurate placement.
*   **Drone Camera Angle:** The camera angle of the drone has an impact on locating the drone's coordinates.
*   **Time of Images:** The time that the drone images was captured has to match the time that the aerial image was captured. This can have an effect on the features visible in each images such as weather.
*   **Assumptions:** The drone would have been situated in a public space or with permission from the property owner.
","50.0,50.0",5,2025-05-11 10:21:55
d432628d-8a58-4fd5-93dd-331a492ca5ba,static/uploads\ad272e48-d047-4898-8126-cfa02462f174_global_video.mp4,static/uploads\376696bc-82ea-4655-9dff-9c17a0441cca_Screenshot_2025-05-11_022004.png,"Okay, I will analyze the two images you provided and give you my assessment.

**Analysis:**

1.  **Potential Location:** The building in the drone image has a very distinctive architectural style: white with a classical design featuring large columns and domes. In the satellite image, The ""Global Academy of Technology"" has a building that matches this description.

2.  **Matching Landmarks/Structures:**
    *   The overall architecture of the buildings matches: white facade, classical columns, and dome-like features.
    *   The presence of green lawns and trees in front of the building in both images support this match.

3.  **Approximate Coordinates:** Based on the matching features, the drone video was likely taken near Global Academy of Technology. To locate that building, I will estimate the center coordinates of the building on the satellite image: (x,y) = (49%, 73%).

4.  **Confidence Score:** I would give this location match a confidence score of **9/10**. The architectural style and the building's general layout are extremely strong matches.

5.  **Description of Drone Video Point:** The drone video was likely taken at a point somewhere in front of the Global Academy of Technology building, on its side facing the lawn area. The height is estimated based on the horizon visible in the background.

**Summary:**

*   **Likely Location:** Global Academy of Technology, Bengaluru
*   **Coordinates:** 49,73
*   **Confidence:** 9/10
*   **Drone Point Description:** In front of the white building with large columns and domes facing the lawn.

**Disclaimer:**
*   These are estimations based on visual analysis. Actual location might differ slightly. Higher quality satellite images could improve accuracy.
* The orientation of the buildings in the map may change. If the coordinates don't seem right, try rotating the map to find the right alignment.","50,50",5,2025-05-11 11:08:00
934aa4ce-dbe9-4d90-ac3c-adc8b5d94e1b,static/uploads\9a4889bc-6f92-4b83-a17d-3d583c52e466_global_video.mp4,static/uploads\42562005-6340-489b-b05b-1a82ba039e29_Screenshot_2025-05-11_022004.png,"Okay, I've analyzed the images and here's my assessment:

**Analysis:**

1.  **Potential Location:** Based on the distinctive architectural style of the large white building in the drone frame (columns, domed structure, towers) combined with the presence of a similar building in the satellite image, I believe the location is likely the **Global Academy of Technology** in Bangalore, India.

2.  **Matching Landmarks/Terrain:**
    *   The large white building with prominent columns and towers is the primary matching landmark.
    *   The shape and layout of the surrounding green lawns and gardens are consistent between both images.
    *   The overall orientation of the building relative to the road and surrounding structures matches.

3.  **Approximate Coordinates:**

    *   **X Coordinate:** 54% (building is located roughly halfway horizontally)
    *   **Y Coordinate:** 77% (building is located around 77% of the way down the image)

4.  **Confidence Score:** 9/10

5.  **Specific Point:** The drone video was likely taken from a position approximately over the lawn directly in front of the main building (Global Academy of Technology).

","50.0,50.0",5,2025-05-11 11:13:39
55292359-12aa-4894-bcb9-f5b30cfc40c5,static/uploads\c867db16-0d41-4c89-9a2f-37a7e55315ba_WhatsApp_Video_2025-05-29_at_19.21.48_7a5f0067.mp4,static/uploads\b57bd1b2-9f9c-4da3-91f6-b64ed98f5166_image_2025-05-29_192349654.png,"Okay, I've analyzed both images. Here's my breakdown:

**Analysis:**

*   **Drone Image:** This image shows a large, circular bus terminal with multiple bays for buses, connected by overhead walkways. There's a central area with trees.
*   **Satellite Image:** This image shows a general urban area, but there is also a large circular structure that appears to match the layout and structure of the drone image. It sits next to a train station.

**1. Potential Location:**

Based on the unique circular layout and the presence of what appears to be bus bays, the potential location is a bus station or transportation hub with a distinctive circular design.

**2. Matching Landmarks, Terrain Patterns, or Structures:**

*   **The Circular Bus Terminal:** The most prominent matching feature is the circular layout of the bus bays with the central island of trees visible in both images.
*   **Overhead Walkways:** The overhead walkways in the drone image match similar structures depicted in the satellite image.
*   **Adjacent Roads:** The surrounding road network and their relative placement around the terminal align in both images.
*   **Train Station:** The presence of train tracks to the west of the circular structure is a strong indicator.

**3. Approximate Coordinates:**

I estimate the location of the drone video within the satellite image to be at **66%,70%**.

**4. Confidence Score:**

I give this location match a confidence score of **9/10**. The circular structure, road network, adjacent landmarks, and orientation strongly suggest this is the same location.

**5. Specific Point Description:**

The drone video was likely taken from slightly above the round central structure of the bus station, in the eastern half of the traffic circle. The camera is pointed towards the north-west. The overhead walkways are visible in the drone images, which corresponds to the structure also visible from above in the satellite image.","50.0,50.0",5,2025-05-29 19:23:58
04d17989-deb2-4b6f-80c9-8b3c71bbfd06,static/uploads\e7e0fd7c-1090-410c-b87e-40adf3d7adb8_WhatsApp_Video_2025-05-29_at_19.33.56_e7b16913.mp4,static/uploads\dc0ac31f-bea7-4741-88d4-19e12dd7e8ea_WhatsApp_Image_2025-05-29_at_19.36.43_3efb96a3.jpg,"Okay, I've analyzed the images you provided.

**1. Potential Location Based on Visual Features:**

The building in both images strongly resembles the **Vidhana Soudha in Bangalore, India**. The architectural style is highly distinctive, and the surrounding gardens and road layouts are consistent between the drone footage and the satellite image.

**2. Identified Matching Landmarks, Terrain Patterns, or Structures:**

*   **The Vidhana Soudha Building:** The most obvious match is the building itself, with its distinctive facade, multiple domes, and overall layout.
*   **The Gardens:** The gardens on either side of the building, with their geometric patterns and walkways, are clearly visible in both images.
*   **Roads and Pathways:** The road network and pathways surrounding the building match the satellite imagery.
*   **Surrounding Buildings:** The shape of the buildings in the satellite image appear in the drone video.

**3. Approximate Coordinates:**

Based on the perspective and angle of the drone footage, the drone was likely positioned approximately opposite the main entrance of Vidhana Soudha.

Using the percentage-based coordinate system you requested, the drone's location is estimated to be: **50,70**

*   X: 50% (centered horizontally)
*   Y: 70% (about 70% down the image)

**4. Confidence Score:**

I give this location match a confidence score of **9/10**. The matching features of the building, gardens, and surrounding roads are highly compelling.

**5. Description of the Specific Point:**

The drone was likely hovering *south* of the Vidhana Soudha building, at a lower altitude, roughly perpendicular to the front facade of the building. It was positioned directly in front of the main entrance.

**Important Considerations:**

*   **Image Distortion:** Satellite images and drone footage can have distortions due to perspective and lens effects.
*   **Temporal Changes:**  The images might have been taken at different times, so there could be slight variations in landscaping or construction.
*   **Lighting:** The drone footage is at night, so it is difficult to determine the precise location.

Let me know if you would like me to refine the analysis or explore other possibilities!","50.0,50.0",5,2025-05-29 19:37:13
d538ddf0-d0ac-4c60-bf50-225b9bafb579,static/uploads\af87a504-03a1-4b8b-9bfa-80fdaf1f1b83_WhatsApp_Video_2025-05-29_at_19.33.56_e7b16913.mp4,static/uploads\a083bc60-1c4a-49de-aa3a-df8befbab7ed_WhatsApp_Image_2025-05-29_at_19.36.43_3efb96a3.jpg,"Okay, I've analyzed the images you provided.

**Analysis:**

1.  **Potential Location:** Based on the architectural style and surrounding layout, the building in both images strongly resembles the **Vidhana Soudha** in **Bangalore, India**. The building's distinctive facade, domes, and symmetrical design are key identifiers.

2.  **Matching Landmarks, Terrain Patterns, and Structures:**
    *   **Vidhana Soudha Building:** The most obvious match is the building itself. The shape, number of stories, and overall structure align perfectly in both images.
    *   **Courtyard Layout:** The courtyard with the internal buildings visible inside the complex.
    *   **Roads and Pathways:** The road pattern surrounding the Vidhana Soudha in the satellite image matches the perspectives of the building in the drone image.
    *   **Gardens and Landscaping:** The general arrangement of gardens and landscaping around the building is consistent between the images.
    *   **Surrounding Buildings:** The location and general shape of the buildings around the complex.

3.  **Coordinates (Approximate) within the Satellite Image:**

    The drone was likely positioned to the **south/south-east** of the Vidhana Soudha. The coordinates where the drone might have been located are approximately: **54, 65** of the overall image.

4.  **Confidence Score:** 9/10. The architectural match is near-perfect, and the surrounding layout supports the identification. The drone image is a nighttime view, obscuring some details.

5.  **Specific Point Description:**

    The drone was likely positioned in an open area, potentially on or near the road to the south of the Vidhana Soudha. The camera was angled towards the north-west of the Vidhana Soudha building.

I hope this analysis is helpful! Let me know if you'd like a more detailed breakdown or have further questions.","50.0,50.0",5,2025-05-29 19:37:41
